title	context
Miso Making Workshop in Arlington	"The most popular food and drink event called ""Miso Making Workshop in Arlington"" is happening in Boston this weekend at Thu, Aug 3 •  5:30 PM  and is hosted at ""1 Broadway 14th Floor"" and by ""Boston Japanese Trainers LLC"" with the ticket price: Starts at $80.00. Follow this link to learn more: https://www.eventbrite.com/e/miso-making-workshop-in-arlington-tickets-679452228907?aff=ebdssbcategorybrowse"
Dumpling Class at Mei Mei Dumpling Factory	"The most popular food and drink event called ""Dumpling Class at Mei Mei Dumpling Factory"" is happening in Boston this weekend at Saturday • 9:30 AM + 2 more and is hosted at ""Mei Mei Dumpling Factory"" and by ""Mei Mei Dumplings"" with the ticket price: Starts at $88.00. Follow this link to learn more: https://www.eventbrite.com/e/dumpling-class-at-mei-mei-dumpling-factory-tickets-622558819187?aff=ebdssbcategorybrowse"
Barbie Blowout Party at Shy Bird	"The most popular food and drink event called ""Barbie Blowout Party at Shy Bird"" is happening in Boston this weekend at Sunday • 3:00 PM and is hosted at ""Shy Bird - South Boston"" and by ""Shy Bird"" with the ticket price: Starts at $58.00. Follow this link to learn more: https://www.eventbrite.com/e/barbie-blowout-party-at-shy-bird-tickets-662635860697?aff=ebdssbcategorybrowse"
Italian Dinner with Tiramisu Finale (3-hour Culinary Experience)	"The most popular food and drink event called ""Italian Dinner with Tiramisu Finale (3-hour Culinary Experience)"" is happening in Boston this weekend at Saturday • 1:00 PM + 3 more and is hosted at ""Selfup Venue"" and by ""Selfup Boston"" with the ticket price: Starts at $120.00. Follow this link to learn more: https://www.eventbrite.com/e/italian-dinner-with-tiramisu-finale-3-hour-culinary-experience-tickets-483020676847?aff=ebdssbcategorybrowse"
Asian Dumplings & Dim Sum (Cooking Class+Lunch)	"The most popular food and drink event called ""Asian Dumplings & Dim Sum (Cooking Class+Lunch)"" is happening in Boston this weekend at Saturday • 1:00 PM + 1 more and is hosted at ""Selfup Venue"" and by ""Selfup Boston"" with the ticket price: Starts at $120.00. Follow this link to learn more: https://www.eventbrite.com/e/asian-dumplings-dim-sum-cooking-classlunch-tickets-483025581517?aff=ebdssbcategorybrowse"
Bagel Making Class at Forge Baking Company	"The most popular food and drink event called ""Bagel Making Class at Forge Baking Company"" is happening in Boston this weekend at Sunday • 2:00 PM and is hosted at ""Forge Baking Company"" and by ""Forge Baking Company"" with the ticket price: Starts at $115.00. Follow this link to learn more: https://www.eventbrite.com/e/bagel-making-class-at-forge-baking-company-tickets-594693814207?aff=ebdssbcategorybrowse"
Kids Dumpling Class at Mei Mei Dumpling Factory	"The most popular food and drink event called ""Kids Dumpling Class at Mei Mei Dumpling Factory"" is happening in Boston this weekend at Sunday • 9:30 AM and is hosted at ""Mei Mei Dumpling Factory"" and by ""Mei Mei Dumplings"" with the ticket price: Starts at $68.00. Follow this link to learn more: https://www.eventbrite.com/e/kids-dumpling-class-at-mei-mei-dumpling-factory-tickets-668999474437?aff=ebdssbcategorybrowse"
Sunday Kick back Bos	"The most popular food and drink event called ""Sunday Kick back Bos"" is happening in Boston this weekend at Sunday • 1:00 PM and is hosted at ""Savvor Lounge"" and by ""Hypatonez Intl"" with the ticket price: Free. Follow this link to learn more: https://www.eventbrite.com/e/sunday-kick-back-bos-tickets-170211058859?aff=ebdssbcategorybrowse"
Harvard Square Chocolate Tour	"The most popular food and drink event called ""Harvard Square Chocolate Tour"" is happening in Boston this weekend at Saturday • 5:00 PM and is hosted at ""Harvard Square"" and by ""Off The Beaten Path Food Tours"" with the ticket price: Starts at $55.00. Follow this link to learn more: https://www.eventbrite.com/e/harvard-square-chocolate-tour-tickets-515884834427?aff=ebdssbcategorybrowse"
The King of Connaught U.S Debut Tour! McSwigan’s Pub	"The most popular music event called ""The King of Connaught U.S Debut Tour! McSwigan’s Pub"" is happening in Boston this weekend at Fri, Aug 4 •  9:00 PM  and is hosted at ""McSwigan’s Pub and Restaurant"" and by ""Pat Nee (617)901-6760"" with the ticket price: Starts at $25.00. Follow this link to learn more: https://www.eventbrite.com/e/the-king-of-connaught-us-debut-tour-mcswigans-pub-tickets-669973086537?aff=ebdssbcategorybrowse"
FAVELA ENCANTADA @ RoyaleBoston | Guestlist (Must Submit RSVP)	"The most popular music event called ""FAVELA ENCANTADA @ RoyaleBoston | Guestlist (Must Submit RSVP)"" is happening in Boston this weekend at Saturday • 10:00 PM and is hosted at ""ROYALE BOSTON"" and by ""Favela Encantada"" with the ticket price: Starts at $0.00. Follow this link to learn more: https://www.eventbrite.com/e/favela-encantada-royaleboston-guestlist-must-submit-rsvp-registration-451311884997?aff=ebdssbcategorybrowse"
VENU SATURDAYS (2 Rooms - Hip Hop & Latin)	"The most popular music event called ""VENU SATURDAYS (2 Rooms - Hip Hop & Latin)"" is happening in Boston this weekend at Saturday • 10:30 PM and is hosted at ""Venu"" and by ""6one7 Productions"" with the ticket price: Starts at $0.00. Follow this link to learn more: https://www.eventbrite.com/e/venu-saturdays-2-rooms-hip-hop-latin-tickets-607946312787?aff=ebdssbcategorybrowse"
Summer Rooftop DJ Weekends	"The most popular music event called ""Summer Rooftop DJ Weekends"" is happening in Boston this weekend at Saturday • 7:00 PM and is hosted at ""Sam Adams Downtown Boston Taproom"" and by ""Sam Adams Downtown Boston Taproom"" with the ticket price: Free. Follow this link to learn more: https://www.eventbrite.com/e/summer-rooftop-dj-weekends-tickets-633567205567?aff=ebdssbcategorybrowse"
ICON SATURDAYS	"The most popular music event called ""ICON SATURDAYS"" is happening in Boston this weekend at Saturday • 10:30 PM and is hosted at ""ICON Nightclub"" and by ""6one7 Productions"" with the ticket price: Starts at $0.00. Follow this link to learn more: https://www.eventbrite.com/e/icon-saturdays-tickets-656978328867?aff=ebdssbcategorybrowse"
BACHATEA BOSTON VOL.1 - White Summer Party/Concert with Pinto Picasso	"The most popular music event called ""BACHATEA BOSTON VOL.1 - White Summer Party/Concert with Pinto Picasso"" is happening in Boston this weekend at Saturday • 11:00 AM and is hosted at ""Dante Alighieri Society of Massachusetts"" and by ""Bachata Room"" with the ticket price: Starts at $30.00. Follow this link to learn more: https://www.eventbrite.com/e/bachatea-boston-vol1-white-summer-partyconcert-with-pinto-picasso-tickets-646668341417?aff=ebdssbcategorybrowse"
PASSPORT SATURDAYS @ICON BOSTON	"The most popular music event called ""PASSPORT SATURDAYS @ICON BOSTON"" is happening in Boston this weekend at Saturday • 10:00 PM and is hosted at ""Icon nightclub"" and by ""www.IamAfriQue.com"" with the ticket price: Starts at $0.00. Follow this link to learn more: https://www.eventbrite.com/e/passport-saturdays-icon-boston-tickets-630542237807?aff=ebdssbcategorybrowse"
SOCIAL SATURDAY’S	"The most popular music event called ""SOCIAL SATURDAY’S"" is happening in Boston this weekend at Saturday • 8:00 PM and is hosted at ""Savvor Lounge"" and by ""Hypatonez Intl"" with the ticket price: Free. Follow this link to learn more: https://www.eventbrite.com/e/social-saturdays-tickets-243699661247?aff=ebdssbcategorybrowse"
Drag Me To Brunch Carrie Nation July 2023	"The most popular music event called ""Drag Me To Brunch Carrie Nation July 2023"" is happening in Boston this weekend at Sunday • 2:00 PM and is hosted at ""Carrie Nation Cocktail Club"" and by ""Carrie Nation Cocktail Club"" with the ticket price: Starts at $30.00. Follow this link to learn more: https://www.eventbrite.com/e/drag-me-to-brunch-carrie-nation-july-2023-tickets-604011323127?aff=ebdssbcategorybrowse"
Master Fete Experience	"The most popular health event called ""Master Fete Experience"" is happening in Boston this weekend at Sunday • 3:00 PM and is hosted at ""Constitution Beach"" and by ""Soca Fusion"" with the ticket price: Free. Follow this link to learn more: https://www.eventbrite.com/e/master-fete-experience-tickets-639382579507?aff=ebdssbcategorybrowse"
Seaport Sweat 2023 | BronCore Bootcamp	"The most popular health event called ""Seaport Sweat 2023 | BronCore Bootcamp"" is happening in Boston this weekend at Saturday • 10:00 AM and is hosted at ""Seaport Common"" and by ""Boston Seaport"" with the ticket price: Free. Follow this link to learn more: https://www.eventbrite.com/e/seaport-sweat-2023-broncore-bootcamp-tickets-597797597707?aff=ebdssbcategorybrowse"
Yoga in the Beer Garden	"The most popular health event called ""Yoga in the Beer Garden"" is happening in Boston this weekend at Saturday • 9:30 AM and is hosted at ""Remnant Brewing Company"" and by ""Andrea Savino"" with the ticket price: Starts at $15.00. Follow this link to learn more: https://www.eventbrite.com/e/yoga-in-the-beer-garden-tickets-655393378237?aff=ebdssbcategorybrowse"
Equinox Wellness Saturdays - July & August 2023	"The most popular health event called ""Equinox Wellness Saturdays - July & August 2023"" is happening in Boston this weekend at Saturday • 10:00 AM and is hosted at ""The Yard at The Liberty Hotel"" and by ""CLINK."" with the ticket price: Free. Follow this link to learn more: https://www.eventbrite.com/e/equinox-wellness-saturdays-july-august-2023-tickets-660721996277?aff=ebdssbcategorybrowse"
CX Fit - HIIT with Dani Ferreira	"The most popular health event called ""CX Fit - HIIT with Dani Ferreira"" is happening in Boston this weekend at Saturday • 10:00 AM and is hosted at ""Dawes Field"" and by ""Cambridge Crossing"" with the ticket price: Free. Follow this link to learn more: https://www.eventbrite.com/e/cx-fit-hiit-with-dani-ferreira-registration-625334842347?aff=ebdssbcategorybrowse"
9-week Workshop Series: Walking the Road 2 Resilience w/ Frederick Douglass	"The most popular health event called ""9-week Workshop Series: Walking the Road 2 Resilience w/ Frederick Douglass"" is happening in Boston this weekend at Saturday • 11:00 AM and is hosted at ""Mass Audubon's Boston Nature Center and Wildlife Sanctuary"" and by ""H.E.R.O. Nurturing Center"" with the ticket price: Free. Follow this link to learn more: https://www.eventbrite.com/e/9-week-workshop-series-walking-the-road-2-resilience-w-frederick-douglass-tickets-666271364587?aff=ebdssbcategorybrowse"
Sweat & Sip: Rooftop Yoga & Refuel	"The most popular health event called ""Sweat & Sip: Rooftop Yoga & Refuel"" is happening in Boston this weekend at Saturday • 10:00 AM and is hosted at ""High Street Place"" and by ""High Street Place Food Hall"" with the ticket price: Starts at $20.00. Follow this link to learn more: https://www.eventbrite.com/e/sweat-sip-rooftop-yoga-refuel-tickets-663629161687?aff=ebdssbcategorybrowse"
Nine Inch Nails Yoga at Bone Up Brewing (with Sarah!)	"The most popular health event called ""Nine Inch Nails Yoga at Bone Up Brewing (with Sarah!)"" is happening in Boston this weekend at Saturday • 10:30 AM and is hosted at ""Bone Up Brewing Co."" and by ""Crystal Rose Yoga"" with the ticket price: Starts at $27.00. Follow this link to learn more: https://www.eventbrite.com/e/nine-inch-nails-yoga-at-bone-up-brewing-with-sarah-tickets-657962602857?aff=ebdssbcategorybrowse"
Networking Night for Real Estate Professionals	"The most popular business event called ""Networking Night for Real Estate Professionals"" is happening in Boston this weekend at Thu, Jul 27 •  6:00 PM  and is hosted at ""1 Nashua Street, Boston, MA, USA"" and by ""AZ Networking"" with the ticket price: Starts at $16.00. Follow this link to learn more: https://www.eventbrite.com/e/networking-night-for-real-estate-professionals-tickets-677173804077?aff=ebdssbcategorybrowse"
Vend N' Speak	"The most popular business event called ""Vend N' Speak"" is happening in Boston this weekend at Sunday • 1:00 PM and is hosted at ""Starlight Square"" and by ""Starlight Square"" with the ticket price: Free. Follow this link to learn more: https://www.eventbrite.com/e/vend-n-speak-tickets-654368763587?aff=ebdssbcategorybrowse"
Orientation Workshop for Foreign-Trained Professionals in Massachusetts	"The most popular business event called ""Orientation Workshop for Foreign-Trained Professionals in Massachusetts"" is happening in Boston this weekend at Saturday • 10:00 AM and is hosted at ""Boston Public Library - Roxbury"" and by ""African Bridge Network"" with the ticket price: Free. Follow this link to learn more: https://www.eventbrite.com/e/orientation-workshop-for-foreign-trained-professionals-in-massachusetts-tickets-512319831407?aff=ebdssbcategorybrowse"
NCSDCC 2023 Summer Meeting	"The most popular business event called ""NCSDCC 2023 Summer Meeting"" is happening in Boston this weekend at Sunday • 5:00 PM and is hosted at ""The Newbury"" and by ""National Council of State Directors of Community Colleges"" with the ticket price: Starts at $0.00. Follow this link to learn more: https://www.eventbrite.com/e/ncsdcc-2023-summer-meeting-tickets-529744890227?aff=ebdssbcategorybrowse"
Entrepreneurship Crash Course - Cambridge	"The most popular business event called ""Entrepreneurship Crash Course - Cambridge"" is happening in Boston this weekend at Saturday • 8:00 PM and is hosted at ""Online"" and by ""Coachieve"" with the ticket price: Free. Follow this link to learn more: https://www.eventbrite.com/e/entrepreneurship-crash-course-cambridge-tickets-674059388777?aff=ebdssbcategorybrowse"
How to get started in real estate investing - Boston	"The most popular business event called ""How to get started in real estate investing - Boston"" is happening in Boston this weekend at Saturday • 12:00 PM and is hosted at ""Boston"" and by ""Impactrei"" with the ticket price: Free. Follow this link to learn more: https://www.eventbrite.com/e/how-to-get-started-in-real-estate-investing-boston-tickets-516073669237?aff=ebdssbcategorybrowse"
Real Estate Investing for Beginners: Start Building Your Portfolio	"The most popular business event called ""Real Estate Investing for Beginners: Start Building Your Portfolio"" is happening in Boston this weekend at Saturday • 12:00 PM and is hosted at ""Online via zoom"" and by ""Daisy Walker"" with the ticket price: Free. Follow this link to learn more: https://www.eventbrite.com/e/real-estate-investing-for-beginners-start-building-your-portfolio-tickets-526035284697?aff=ebdssbcategorybrowse"
Afraid of Public Speaking? Free Virtual Class to Banish Anxiety and Fears.	"The most popular business event called ""Afraid of Public Speaking? Free Virtual Class to Banish Anxiety and Fears."" is happening in Boston this weekend at Saturday • 8:00 PM and is hosted at ""North End"" and by ""S Rawat"" with the ticket price: Free. Follow this link to learn more: https://www.eventbrite.com/e/afraid-of-public-speaking-free-virtual-class-to-banish-anxiety-and-fears-tickets-633186657337?aff=ebdssbcategorybrowse"
Own a Business? Get your tax money back!	"The most popular business event called ""Own a Business? Get your tax money back!"" is happening in Boston this weekend at Sunday • 5:00 PM and is hosted at ""Boston, MA"" and by ""Homeric Financial Strategies Group"" with the ticket price: Free. Follow this link to learn more: https://www.eventbrite.com/e/own-a-business-get-your-tax-money-back-tickets-650086114067?aff=ebdssbcategorybrowse"
2023 Boat Tour to Bakers Island Lighthouse	"The most popular travel and outdoor event called ""2023 Boat Tour to Bakers Island Lighthouse"" is happening in Boston this weekend at Sunday • 1:00 PM and is hosted at ""Salem Ferry Dock"" and by ""Essex Heritage"" with the ticket price: Starts at $29.00. Follow this link to learn more: https://www.eventbrite.com/e/2023-boat-tour-to-bakers-island-lighthouse-tickets-570006674307?aff=ebdssbcategorybrowse"
2023 Boat Tour to Misery Island	"The most popular travel and outdoor event called ""2023 Boat Tour to Misery Island"" is happening in Boston this weekend at Saturday • 11:00 AM and is hosted at ""Salem Ferry Dock"" and by ""Essex Heritage"" with the ticket price: Starts at $29.00. Follow this link to learn more: https://www.eventbrite.com/e/2023-boat-tour-to-misery-island-tickets-570010686307?aff=ebdssbcategorybrowse"
LO Boston |  Beach Fiesta	"The most popular travel and outdoor event called ""LO Boston |  Beach Fiesta"" is happening in Boston this weekend at Saturday • 11:00 AM and is hosted at ""Revere Beach"" and by ""Latino Outdoors - Boston"" with the ticket price: Free. Follow this link to learn more: https://www.eventbrite.com/e/lo-boston-beach-fiesta-tickets-676255005927?aff=ebdssbcategorybrowse"
Boston: The Record Breaker Outdoor Escape Game	"The most popular travel and outdoor event called ""Boston: The Record Breaker Outdoor Escape Game"" is happening in Boston this weekend at Saturday • 12:00 PM + 5 more and is hosted at ""Boston Public Library"" and by ""Questo - City Exploration Games"" with the ticket price: Starts at $7.99. Follow this link to learn more: https://www.eventbrite.com/e/boston-the-record-breaker-outdoor-escape-game-tickets-626993663927?aff=ebdssbcategorybrowse"
Thompson Island Unescorted Public Access	"The most popular travel and outdoor event called ""Thompson Island Unescorted Public Access"" is happening in Boston this weekend at Saturday • 9:00 AM and is hosted at ""Thompson Island"" and by ""Thompson Island Outward Bound"" with the ticket price: Starts at $0.00. Follow this link to learn more: https://www.eventbrite.com/e/thompson-island-unescorted-public-access-tickets-670645317197?aff=ebdssbcategorybrowse"
Harvard Yard Outdoor Escape Game: The Mysterious Porcellian Club	"The most popular travel and outdoor event called ""Harvard Yard Outdoor Escape Game: The Mysterious Porcellian Club"" is happening in Boston this weekend at Saturday • 11:00 AM + 7 more and is hosted at ""Johnston Gate"" and by ""Questo - City Exploration Games"" with the ticket price: Starts at $7.99. Follow this link to learn more: https://www.eventbrite.com/e/harvard-yard-outdoor-escape-game-the-mysterious-porcellian-club-tickets-656666435987?aff=ebdssbcategorybrowse"
Boston Outdoor Escape Game: Mafia Mission	"The most popular travel and outdoor event called ""Boston Outdoor Escape Game: Mafia Mission"" is happening in Boston this weekend at Saturday • 11:00 AM + 5 more and is hosted at ""The Rose Kennedy Rose Garden"" and by ""Questo - City Exploration Games"" with the ticket price: Starts at $10.49. Follow this link to learn more: https://www.eventbrite.com/e/boston-outdoor-escape-game-mafia-mission-tickets-655621470467?aff=ebdssbcategorybrowse"
One Team Scavenger Hunt Boston Common	"The most popular travel and outdoor event called ""One Team Scavenger Hunt Boston Common"" is happening in Boston this weekend at Saturday • 10:00 AM + 1 more and is hosted at ""Recommended Parking to Begin Adventure"" and by ""Puzzling Adventures"" with the ticket price: Starts at $19.99. Follow this link to learn more: https://www.eventbrite.com/e/one-team-scavenger-hunt-boston-common-tickets-653501339097?aff=ebdssbcategorybrowse"
TANTRA: THE ART OF CONSCIOUS CONNECTION  for couples	"The most popular community event called ""TANTRA: THE ART OF CONSCIOUS CONNECTION  for couples"" is happening in Boston this weekend at Sat, Aug 12 •  4:00 PM  and is hosted at ""Watertown Center For Healing Arts"" and by ""Zhanna R. Lee"" with the ticket price: Starts at $90.00. Follow this link to learn more: https://www.eventbrite.com/e/tantra-the-art-of-conscious-connection-for-couples-tickets-654980944637?aff=ebdssbcategorybrowse"
Seaport x Black Owned Bos. Market	"The most popular community event called ""Seaport x Black Owned Bos. Market"" is happening in Boston this weekend at Sunday • 12:00 PM and is hosted at ""Seaport Common"" and by ""Boston Seaport"" with the ticket price: Free. Follow this link to learn more: https://www.eventbrite.com/e/seaport-x-black-owned-bos-market-tickets-643827885537?aff=ebdssbcategorybrowse"
AfroVybe Fest	"The most popular community event called ""AfroVybe Fest"" is happening in Boston this weekend at Saturday • 12:00 PM and is hosted at ""Bow Market"" and by ""Bow Market"" with the ticket price: Free. Follow this link to learn more: https://www.eventbrite.com/e/afrovybe-fest-tickets-662654757217?aff=ebdssbcategorybrowse"
Fenway Flea (Sundays at The Station)	"The most popular community event called ""Fenway Flea (Sundays at The Station)"" is happening in Boston this weekend at Sunday • 12:00 PM and is hosted at ""The Station in the Fenway"" and by ""Original Markets"" with the ticket price: Free. Follow this link to learn more: https://www.eventbrite.com/e/fenway-flea-sundays-at-the-station-tickets-640593862487?aff=ebdssbcategorybrowse"
Black Heritage Trail Tour	"The most popular community event called ""Black Heritage Trail Tour"" is happening in Boston this weekend at Saturday • 10:00 AM + 3 more and is hosted at ""Robert Gould Shaw and the 54th Regiment Memorial"" and by ""Boston African American National Historic Site"" with the ticket price: Free. Follow this link to learn more: https://www.eventbrite.com/e/black-heritage-trail-tour-tickets-643016428447?aff=ebdssbcategorybrowse"
GayNightly Monthly Teadance	"The most popular community event called ""GayNightly Monthly Teadance"" is happening in Boston this weekend at Sunday • 4:30 PM and is hosted at ""Dorchester Brewing Company"" and by ""GayNightly"" with the ticket price: Starts at $10.00. Follow this link to learn more: https://www.eventbrite.com/e/gaynightly-monthly-teadance-tickets-651150076407?aff=ebdssbcategorybrowse"
Arts Community Market Registration	"The most popular community event called ""Arts Community Market Registration"" is happening in Boston this weekend at Saturday • 12:00 PM and is hosted at ""Hyde Playground"" and by ""Newton Community Pride"" with the ticket price: Starts at $25.00. Follow this link to learn more: https://www.eventbrite.com/e/arts-community-market-registration-tickets-529888880907?aff=ebdssbcategorybrowse"
2023 Taste of Carnival - FREE	"The most popular community event called ""2023 Taste of Carnival - FREE"" is happening in Boston this weekend at Sunday • 12:00 PM and is hosted at ""The Foundry"" and by ""Cambridge Carnival International, Inc.. Follow this link to learn more: https://www.eventbrite.com/e/2023-taste-of-carnival-free-tickets-666242127137?aff=ebdssbcategorybrowse"
Oby’s 7th annual Water Gun/Balloon Capture the flag event	"The most popular community event called ""Oby’s 7th annual Water Gun/Balloon Capture the flag event"" is happening in Boston this weekend at Sunday • 12:00 PM and is hosted at ""Joe Moakley Park"" and by ""Oby"" with the ticket price: Free. Follow this link to learn more: https://www.eventbrite.com/e/obys-7th-annual-water-gunballoon-capture-the-flag-event-tickets-675275014747?aff=ebdssbcategorybrowse"
New England Bridal Affair at Four Points by Sheraton	"The most popular fashion event called ""New England Bridal Affair at Four Points by Sheraton"" is happening in Boston this weekend at Sun, Sep 24 •  1:00 PM  and is hosted at ""Four Points by Sheraton Wakefield Boston Hotel & Conference Center"" and by ""KML Productions"" with the ticket price: Starts at $0.00. Follow this link to learn more: https://www.eventbrite.com/e/new-england-bridal-affair-at-four-points-by-sheraton-tickets-421685270997?aff=ebdssbcategorybrowse"
Fashion Show	"The most popular fashion event called ""Fashion Show"" is happening in Boston this weekend at Saturday • 5:00 PM and is hosted at ""165 Blue Hill Ave"" and by ""LCEM Youth Ministry"" with the ticket price: Starts at $17.00. Follow this link to learn more: https://www.eventbrite.com/e/fashion-show-tickets-665986823517?aff=ebdssbcategorybrowse"
Sephora Assembly Row July Perk Party	"The most popular fashion event called ""Sephora Assembly Row July Perk Party"" is happening in Boston this weekend at Sunday • 9:00 AM and is hosted at ""449 Assembly Row"" and by ""Sephora Assembly Row"" with the ticket price: Free. Follow this link to learn more: https://www.eventbrite.com/e/sephora-assembly-row-july-perk-party-tickets-669333653977?aff=ebdssbcategorybrowse"
"Summer Fashion for Action ""You are Enough"""	"The most popular fashion event called ""Summer Fashion for Action ""You are Enough"""" is happening in Boston this weekend at Saturday • 6:00 PM and is hosted at ""Franco American Club"" and by ""JL Plansevents"" with the ticket price: Starts at $50.00. Follow this link to learn more: https://www.eventbrite.com/e/summer-fashion-for-action-you-are-enough-tickets-678550943137?aff=ebdssbcategorybrowse"
Shoe Expo	"The most popular fashion event called ""Shoe Expo"" is happening in Boston this weekend at Saturday • 12:00 PM and is hosted at ""Old Colony YMCA - Taunton"" and by ""Old Colony YMCA - Taunton Branch"" with the ticket price: Free. Follow this link to learn more: https://www.eventbrite.com/e/shoe-expo-tickets-661434557567?aff=ebdssbcategorybrowse"
Beauty Brunch	"The most popular fashion event called ""Beauty Brunch"" is happening in Boston this weekend at Sunday • 9:00 AM and is hosted at ""Ulta Beauty"" and by ""Ulta Beauty"" with the ticket price: Free. Follow this link to learn more: https://www.eventbrite.com/e/beauty-brunch-tickets-657858381127?aff=ebdssbcategorybrowse"
The Pink Portal Experience III: Paint the World Pink	"The most popular fashion event called ""The Pink Portal Experience III: Paint the World Pink"" is happening in Boston this weekend at Saturday • 6:00 PM and is hosted at ""The Event Factory"" and by ""The Pink Portal"" with the ticket price: Starts at $40.00. Follow this link to learn more: https://www.eventbrite.com/e/the-pink-portal-experience-iii-paint-the-world-pink-tickets-594694536367?aff=ebdssbcategorybrowse"
KAY Jewelers Custom Design and Repair Event	"The most popular fashion event called ""KAY Jewelers Custom Design and Repair Event"" is happening in Boston this weekend at Thursday • 12:00 AM and is hosted at ""100 Cambridge St"" and by ""KAY Jewelers"" with the ticket price: Free. Follow this link to learn more: https://www.eventbrite.com/e/kay-jewelers-custom-design-and-repair-event-tickets-672547366277?aff=ebdssbcategorybrowse"
Justin Credabel’s Hot Summer Live Style Guide	"The most popular fashion event called ""Justin Credabel’s Hot Summer Live Style Guide"" is happening in Boston this weekend at Saturday • 8:00 PM and is hosted at ""New London"" and by ""Justin Credabel"" with the ticket price: Starts at $10.00. Follow this link to learn more: https://www.eventbrite.com/e/justin-credabels-hot-summer-live-style-guide-tickets-666225136317?aff=ebdssbcategorybrowse"
Movie Screening: Unsilenced - A Story of Courage	"The most popular film and media event called ""Movie Screening: Unsilenced - A Story of Courage"" is happening in Boston this weekend at Fri, Jul 28 •  1:30 PM  and is hosted at ""Lehman Hall Room 201, Harvard Yard"" and by ""Falun Dafa Club at Harvard GSAS"" with the ticket price: Free. Follow this link to learn more: https://www.eventbrite.com/e/movie-screening-unsilenced-a-story-of-courage-tickets-667844810807?aff=ebdssbcategorybrowse"
Summer Flicks at Prudential Center	"The most popular film and media event called ""Summer Flicks at Prudential Center"" is happening in Boston this weekend at Saturday • 6:00 PM and is hosted at ""Prudential Center"" and by ""Prudential Center"" with the ticket price: Free. Follow this link to learn more: https://www.eventbrite.com/e/summer-flicks-at-prudential-center-tickets-663070570927?aff=ebdssbcategorybrowse"
Flicks at the Farm: Ratatouille	"The most popular film and media event called ""Flicks at the Farm: Ratatouille"" is happening in Boston this weekend at Sunday • 7:00 PM and is hosted at ""The Herb Lyceum at Gilson's"" and by ""The Herb Lyceum. Follow this link to learn more: https://www.eventbrite.com/e/flicks-at-the-farm-ratatouille-tickets-629286060547?aff=ebdssbcategorybrowse"
Crossings Watch Party	"The most popular film and media event called ""Crossings Watch Party"" is happening in Boston this weekend at Saturday • 7:00 PM and is hosted at ""173 Weeden St"" and by ""womencrossdmz"" with the ticket price: Free. Follow this link to learn more: https://www.eventbrite.com/e/crossings-watch-party-tickets-669948884147?aff=ebdssbcategorybrowse"
Moana at the Misquamicut Drive-In	"The most popular film and media event called ""Moana at the Misquamicut Drive-In"" is happening in Boston this weekend at Sunday • 9:00 PM and is hosted at ""Wuskenau Beach Pondside"" and by ""Misquamicut Business Association"" with the ticket price: Starts at $25.00. Follow this link to learn more: https://www.eventbrite.com/e/moana-at-the-misquamicut-drive-in-tickets-628263732737?aff=ebdssbcategorybrowse"
Indiana Jones: Raiders of the Lost Ark at the Misquamicut Drive-In	"The most popular film and media event called ""Indiana Jones: Raiders of the Lost Ark at the Misquamicut Drive-In"" is happening in Boston this weekend at Saturday • 9:00 PM and is hosted at ""Wuskenau Beach Pondside"" and by ""Misquamicut Business Association"" with the ticket price: Starts at $25.00. Follow this link to learn more: https://www.eventbrite.com/e/indiana-jones-raiders-of-the-lost-ark-at-the-misquamicut-drive-in-tickets-628144415857?aff=ebdssbcategorybrowse"
Saturday July 22: The Little Mermaid & Avatar: The Way of Water	"The most popular film and media event called ""Saturday July 22: The Little Mermaid & Avatar: The Way of Water"" is happening in Boston this weekend at Saturday • 8:45 PM and is hosted at ""The Saco Drive-In"" and by ""The Saco Drive-In"" with the ticket price: Starts at $25.00. Follow this link to learn more: https://www.eventbrite.com/e/saturday-july-22-the-little-mermaid-avatar-the-way-of-water-tickets-680299372737?aff=ebdssbcategorybrowse"
Sunday July 23: The Little Mermaid & Avatar: The Way of Water	"The most popular film and media event called ""Sunday July 23: The Little Mermaid & Avatar: The Way of Water"" is happening in Boston this weekend at Sunday • 8:45 PM and is hosted at ""The Saco Drive-In"" and by ""The Saco Drive-In"" with the ticket price: Starts at $25.00. Follow this link to learn more: https://www.eventbrite.com/e/sunday-july-23-the-little-mermaid-avatar-the-way-of-water-tickets-680300476037?aff=ebdssbcategorybrowse"
Charity Comedy Night @ Dorchester Brewing Co.	"The most popular comedy event called ""Charity Comedy Night @ Dorchester Brewing Co."" is happening in Boston this weekend at Tue, Aug 1 •  6:30 PM  and is hosted at ""Dorchester Brewing Company"" and by ""2023 Chicago Marathon Fundrasier for Team Impact"" with the ticket price: Starts at $15.00. Follow this link to learn more: https://www.eventbrite.com/e/charity-comedy-night-dorchester-brewing-co-tickets-641621516227?aff=ebdssbcategorybrowse"
King's Court Comedy FREE Show at Two Saints Tavern	"The most popular comedy event called ""King's Court Comedy FREE Show at Two Saints Tavern"" is happening in Boston this weekend at Sunday • 6:15 PM and is hosted at ""Two Saints Tavern"" and by ""Kings Court Comedy"" with the ticket price: Free. Follow this link to learn more: https://www.eventbrite.com/e/kings-court-comedy-free-show-at-two-saints-tavern-tickets-651497676087?aff=ebdssbcategorybrowse"
Magic, Comedy & Cocktails: Four-Handed Illusions	"The most popular comedy event called ""Magic, Comedy & Cocktails: Four-Handed Illusions"" is happening in Boston this weekend at Saturday • 8:00 PM + 1 more and is hosted at ""Hampshire House"" and by ""Four-Handed Illusions"" with the ticket price: Starts at $95.00. Follow this link to learn more: https://www.eventbrite.com/e/magic-comedy-cocktails-four-handed-illusions-tickets-660438398027?aff=ebdssbcategorybrowse"
Saturday July 22 Jackie Flynn  @  Giggles Comedy Club	"The most popular comedy event called ""Saturday July 22 Jackie Flynn  @  Giggles Comedy Club"" is happening in Boston this weekend at Saturday • 8:30 PM and is hosted at ""517 Broadway"" and by ""Giggles Comedy Club"" with the ticket price: Starts at $30.00. Follow this link to learn more: https://www.eventbrite.com/e/saturday-july-22-jackie-flynn-giggles-comedy-club-tickets-638894670157?aff=ebdssbcategorybrowse"
Boston Comedy Club - Downtown!	"The most popular comedy event called ""Boston Comedy Club - Downtown!"" is happening in Boston this weekend at Saturday • 7:30 PM and is hosted at ""Silvertone Bar & Grill"" and by ""Boston Comedy Club"" with the ticket price: Starts at $15.00. Follow this link to learn more: https://www.eventbrite.com/e/boston-comedy-club-downtown-tickets-666223581667?aff=ebdssbcategorybrowse"
Joselito Dapuppet stand up comedy show in Worcester, MA	"The most popular comedy event called ""Joselito Dapuppet stand up comedy show in Worcester, MA"" is happening in Boston this weekend at Saturday • 8:00 PM and is hosted at ""Loft 266"" and by ""puppetwave entertainment"" with the ticket price: Starts at $25.00. Follow this link to learn more: https://www.eventbrite.com/e/joselito-dapuppet-stand-up-comedy-show-in-worcester-ma-tickets-642237699247?aff=ebdssbcategorybrowse"
Saturday Night Trivia at Shipyard Brewpub in Eliot Maine	"The most popular comedy event called ""Saturday Night Trivia at Shipyard Brewpub in Eliot Maine"" is happening in Boston this weekend at Saturday • 7:00 PM and is hosted at ""Shipyard Brew Pub Eliot"" and by ""Game Time Trivia"" with the ticket price: Free. Follow this link to learn more: https://www.eventbrite.com/e/saturday-night-trivia-at-shipyard-brewpub-in-eliot-maine-tickets-440641469497?aff=ebdssbcategorybrowse"
Comedy Night at Priam Vineyards	"The most popular comedy event called ""Comedy Night at Priam Vineyards"" is happening in Boston this weekend at Saturday • 7:00 PM and is hosted at ""Priam Vineyards"" and by ""Comedy Craft Beer"" with the ticket price: Starts at $35.00. Follow this link to learn more: https://www.eventbrite.com/e/comedy-night-at-priam-vineyards-tickets-625346567417?aff=ebdssbcategorybrowse"
Comedy Night at City Steam	"The most popular comedy event called ""Comedy Night at City Steam"" is happening in Boston this weekend at Saturday • 8:00 PM and is hosted at ""City Steam Brewery"" and by ""Comedy Craft Beer"" with the ticket price: Starts at $25.00. Follow this link to learn more: https://www.eventbrite.com/e/comedy-night-at-city-steam-tickets-614289746167?aff=ebdssbcategorybrowse"
VENU AFTER DARK (TE)	"The most popular DJ and dance event called ""VENU AFTER DARK (TE)"" is happening in Boston this weekend at Sunday • 10:00 PM and is hosted at ""Venu Nightclub"" and by ""The Enterprise MA"" with the ticket price: Free. Follow this link to learn more: https://www.eventbrite.com/e/venu-after-dark-te-tickets-650985353717?aff=ebdssbcategorybrowse"
Luau Saturdays at Tiki Rock	"The most popular DJ and dance event called ""Luau Saturdays at Tiki Rock"" is happening in Boston this weekend at Saturday • 9:00 PM and is hosted at ""Tiki Rock"" and by ""Tiki Rock"" with the ticket price: Free. Follow this link to learn more: https://www.eventbrite.com/e/luau-saturdays-at-tiki-rock-tickets-669833308457?aff=ebdssbcategorybrowse"
The Gathering Ft. Where's Nasty + Dj Dymand	"The most popular DJ and dance event called ""The Gathering Ft. Where's Nasty + Dj Dymand"" is happening in Boston this weekend and is hosted at ""Shojo"" and by ""AllYouCanEat LLC"" with the ticket price: Starts at $20.00. Follow this link to learn more: https://www.eventbrite.com/e/the-gathering-ft-wheres-nasty-dj-dymand-tickets-678850739837?aff=ebdssbcategorybrowse"
DJ Modnyy Night @ The Greatest Bar	"The most popular DJ and dance event called ""DJ Modnyy Night @ The Greatest Bar"" is happening in Boston this weekend at Saturday • 8:30 PM and is hosted at ""The Greatest Bar"" and by ""Boston VIP List"" with the ticket price: Starts at $5.00. Follow this link to learn more: https://www.eventbrite.com/e/dj-modnyy-night-the-greatest-bar-tickets-679642096807?aff=ebdssbcategorybrowse"
Back Yawd Jam	"The most popular DJ and dance event called ""Back Yawd Jam"" is happening in Boston this weekend at Saturday • 5:00 PM and is hosted at ""Randolph"" and by ""Zombies ENT"" with the ticket price: Starts at $10.00. Follow this link to learn more: https://www.eventbrite.com/e/back-yawd-jam-tickets-676156481237?aff=ebdssbcategorybrowse"
Birthday boat ride	"The most popular DJ and dance event called ""Birthday boat ride"" is happening in Boston this weekend at Saturday • 8:00 PM and is hosted at ""60 Wharf St"" and by ""Pam and Lionel in association with Brown"" with the ticket price: Starts at $60.00. Follow this link to learn more: https://www.eventbrite.com/e/birthday-boat-ride-tickets-568452596017?aff=ebdssbcategorybrowse"
Boston Day Club Yacht Party - Sunday Sets	"The most popular DJ and dance event called ""Boston Day Club Yacht Party - Sunday Sets"" is happening in Boston this weekend at Sunday • 3:30 PM and is hosted at ""Sir Winston Boston Yacht"" and by ""VIP Nightlife"" with the ticket price: Starts at $20.00. Follow this link to learn more: https://www.eventbrite.com/e/boston-day-club-yacht-party-sunday-sets-tickets-655662844217?aff=ebdssbcategorybrowse"
